open,high,low,close,volume,timestamp
112,118,112,118,60,1491177600
119.33,126,119.33,126,60,1491264000
126,134.67,127.33,134.67,70,1491436800
136.67,144.67,136.67,136.67,10050,1491696000
146.67,155.33,146.67,155.33,1060,1491782400
157.33,167.33,157.33,167.33,60,1491868800
170,180.67,170,180.67,3290,1491955200
183.33,195.33,183.33,195.33,10139,1492041600
198,211.33,198,211.33,53319,1492300800
214.67,225.33,211.33,221.33,56147,1492473600
221.33,226.67,220,224.67,22541,1492560000
228,230,213.33,223.33,21632,1492646400
226.67,230,223.33,226.67,11000,1492905600
228,237.33,226.67,231.33,26021,1492992000
232,236.67,229.33,232.67,34867,1493078400
236,236.67,228,228,5229,1493164800
228,228,220,226,48910,1493251200
223.33,225.33,216.67,225.33,40381,1493510400
226.67,226.67,213.33,226.67,75539,1493683200
227,245,223,227,13244,1493769600
230,235,225,225,7375,1493856000
221,221,216,220,9907,1494115200
217,221,215,217,5013,1494201600
217,221,215,218,14052,1494288000
221,236,220,220,39200,1494460800
220,224,218,218,7076,1494806400
216,216,215,215,1840,1494892800
212,215,208,213,2804,1494979200
213,215,210,212,6660,1495065600
208,214,204,212,3320,1495324800
210,210,210,210,300,1495411200
211,211,208,208,690,1495497600
208,210,210,210,100,1495584000
210,210,204,205,1200,1495929600
201,202,200,200,865,1496102400
200,205,195,205,3711,1496188800
205,205,200,200,2166,1496275200
198,198,198,198,24,1496534400
200,201,199,199,2901,1496620800
202,206,201,202,3214,1496707200
206,206,200,200,3365,1496793600
197,200,197,200,2369,1496880000
198,198,193,193,1700,1497139200
196,196,195,196,970,1497225600
192,194,190,194,1228,1497312000
188,193,188,190,2685,1497398400
192,195,190,195,622,1497484800
195,195,195,195,13,1497744000
194,195,193,195,896,1497830400
194,194,187,190,1238,1497916800
191,192,190,190,133,1498003200
190,192,187,192,4160,1498089600
190,190,189,189,300,1498348800
192,192,186,186,1025,1498521600
187,188,187,188,2302,1498608000
188,188,186,186,101,1498953600
185,185,180,182,1868,1499040000
182,182,179,182,824,1499126400
176,182,176,182,2309,1499212800
185,185,182,182,3070,1499299200
185,188,182,186,468,1499558400
186,186,183,185,2732,1499644800
183,186,183,186,160,1499731200
184,187,184,185,1523,1499817600
183,183,180,181,1400,1499904000
180,182,177,181,1777,1500163200
180,185,180,185,366,1500249600
188,192,185,192,1876,1500336000
195,195,189,191,2432,1500422400
186,186,185,186,610,1500508800
186,192,186,192,1446,1500768000
189,189,180,180,9006,1500854400
183,183,180,183,6793,1500940800
184,194,178,194,3491,1501027200
191,194,188,194,4759,1501113600
194,194,188,193,7060,1501372800
192,192,187,191,10826,1501459200
190,201,190,195,6428,1501545600
198,204,192,196,7699,1501632000
196,199,191,191,642,1501718400
193,193,190,193,500,1501977600
194,204,194,197,19474,1502064000
195,208,194,201,10028,1502236800
200,200,197,197,6350,1502323200
196,213,195,205,16213,1502582400
201,207,199,203,12986,1502755200
199,208,199,204,25977,1502841600
201,201,201,201,150,1502928000
197,198,197,198,1194,1503187200
197,197,196,197,1606,1503273600
195,195,192,192,1042,1503360000
190,191,190,191,97,1503446400
191,194,194,194,147,1503532800
194,191,191,191,151,1503792000
192,195,192,195,308,1503878400
194,194,191,192,16514,1504483200
188,188,182,185,5167,1504656000
186,188,185,187,1995,1504742400
187,187,180,180,848,1505001600
180,189,180,187,3199,1505088000
184,184,180,183,14853,1505174400
186,186,184,186,601,1505260800
189,189,185,188,1008,1505347200
191,194,185,194,3747,1505606400
197,199,196,197,18388,1505692800
200,204,196,199,200,1505865600
196,196,194,194,5408,1506297600
191,191,191,191,31,1506384000
192,192,192,192,36,1507075200
189,192,189,192,30,1507507200
189,191,185,191,5079,1507593600
188,188,181,182,2585,1507680000
181,184,179,181,9786,1507766400
183,186,183,186,6095,1508025600
189,189,183,183,610,1508112000
186,186,183,183,275,1508198400
186,186,186,186,100,1508630400
186,185,185,185,90,1508803200
182,182,179,179,88,1508889600
179,183,179,181,2760,1509321600
182,190,182,189,7263,1509408000
186,186,182,182,3375,1509494400
181,184,179,180,9104,1509580800
178,178,169,170,41072,1509840000
170,173,168,172,1253,1509926400
174,174,170,173,1285,1510012800
170,170,166,166,1532,1510099200
164,168,161,167,2958,1510185600
168,165,159,165,7676,1510444800
162,168,162,167,235,1510531200
165,172,165,172,979,1510617600
169,169,166,166,361,1510704000
164,166,160,163,10555,1510790400
163,164,158,159,6038,1511049600
158,159,157,157,3854,1511136000
156,162,152,155,7674,1511222400
154,154,151,154,1523,1511308800
154,163,157,161,3105,1511395200
161,162,158,162,611,1511654400
160,160,156,159,2470,1511740800
157,162,157,157,5455,1511827200
160,163,158,163,1183,1511913600
163,166,160,166,3519,1512000000
163,164,160,164,6307,1512345600
161,165,160,164,5193,1512432000
161,167,160,167,4289,1512518400
170,170,163,167,5235,1512864000
164,164,158,161,50,1512950400
159,164,157,162,4742,1513036800
162,162,159,162,16136,1513123200
160,160,159,160,200,1513209600
162,164,159,164,801,1513468800
161,161,158,158,635,1513555200
156,162,156,160,2826,1513641600
160,160,157,158,1611,1513728000
161,161,156,156,827,1513814400
153,155,153,155,332,1514073600
152,152,151,151,841,1514246400
148,150,146,146,3673,1514332800
146,148,144,146,2598,1514419200
144,144,140,140,1619,1514678400
142,145,141,144,4765,1514764800
145,147,145,145,1540,1514851200
143,144,143,144,100,1515024000
146,148,146,148,6236,1515283200
150,150,149,149,390,1515369600
149,150,143,144,578,1515456000
142,143,140,141,1758,1515542400
141,148,141,143,26386,1516060800
141,143,141,143,28,1516147200
143,146,142,146,2860,1516492800
146,146,144,145,87,1516579200
143,143,135,138,8684,1516665600
140,142,139,142,1310,1516752000
141,141,140,140,1429,1516838400
140,140,138,138,284,1517097600
138,138,136,136,730,1517184000
136,144,136,144,1060,1517356800
144,144,142,142,870,1517443200
140,140,136,139,2672,1517702400
138,138,135,135,2484,1517788800
135,137,134,134,3596,1517875200
136,141,135,141,213,1517961600
139,139,136,136,1351,1518048000
136,136,136,136,80,1518307200
138,138,138,138,200,1518393600
139,139,136,136,2307,1518566400
135,143,135,143,13474,1518652800
143,141,139,139,518,1518912000
137,137,135,135,1476,1519084800
137,138,136,136,211,1519171200
136,136,136,136,29,1519257600
135,135,132,133,2069,1519516800
135,135,128,128,1812,1519603200
130,136,130,135,318,1519689600
133,133,130,130,493,1519776000
128,128,121,124,9470,1520121600
123,126,122,126,4391,1520294400
128,130,126,126,2037,1520380800
126,126,122,124,1627,1520726400
124,124,119,124,13758,1520812800
124,124,122,122,424,1520899200
122,124,122,123,842,1520985600
122,122,120,122,238,1521072000
124,124,123,123,150,1521331200
123,123,122,123,21754,1521417600
123,124,121,123,3940,1521504000
123,123,119,119,2463,1521590400
119,124,119,122,30650,1521676800
122,122,115,116,5070,1522022400
113,117,111,117,550,1522108800
118,120,116,118,2865,1522195200
119,121,119,121,357,1522281600
120,120,118,118,350,1522540800
119,120,119,120,4460,1522627200
120,120,120,120,200,1522713600
120,120,118,120,2689,1522800000
122,126,120,124,2679,1522886400
124,126,124,126,1753,1523145600
124,124,120,120,588,1523232000
122,126,122,122,1154,1523318400
120,122,116,117,2669,1523404800
118,118,116,116,1131,1523491200
116,116,115,115,168,1523750400
116,124,116,124,627,1523836800
124,126,122,125,17154,1523923200
124,129,121,129,1960,1524009600
131,134,128,129,3348,1524096000
128,134,130,134,616,1524355200
134,136,132,132,3450,1524441600
134,134,132,134,212,1524528000
133,133,128,128,177,1524700800
126,126,123,123,831,1524960000
123,121,119,121,1303,1525219200
123,125,122,125,545,1525305600
125,125,123,123,146,1525564800
125,125,123,123,642,1525651200
125,125,123,123,210,1525737600
123,124,121,121,437,1525824000
121,122,120,122,17599,1525910400
122,122,116,117,1372,1526256000
116,116,115,115,131,1526342400
117,117,117,117,100,1526428800
115,115,115,115,600,1526774400
117,117,114,115,665,1526860800
116,116,115,115,439,1526947200
115,115,114,114,7709,1527033600
114,116,116,116,310,1527120000
115,116,114,116,1004,1527379200
114,116,112,116,1027,1527465600
116,116,116,116,9943,1527552000
114,115,113,115,2104,1527638400
117,117,117,117,55,1527724800
116,116,114,114,903,1527984000
112,112,112,112,93,1528329600
111,111,110,110,1018,1528588800
110,110,106,106,4384,1528675200
106,108,106,108,3605,1528761600
106,109,106,108,2259,1528848000
110,112,108,112,574,1528934400
110,113,108,113,306,1529193600
111,111,111,111,100,1529280000
109,109,109,109,500,1529366400
109,109,109,109,100,1529452800
107,108,107,108,10187,1529539200
106,107,106,106,7073,1529798400
108,110,108,109,210,1529884800
111,111,110,110,67,1530057600
112,112,108,108,690,1530144000
107,109,107,109,430,1530403200
108,109,105,105,625,1530489600
105,107,105,106,7454,1530576000
107,107,105,107,3732,1530662400
109,111,109,111,640,1530748800
109,109,109,109,33,1531094400
107,107,107,107,400,1531267200
107,107,104,106,4439,1531353600
105,106,105,106,1013,1531612800
105,109,105,109,11820,1531785600
110,110,110,109,60,1532217600
108,108,106,106,920,1532304000
108,116,108,114,280,1532390400
112,112,111,111,4218,1532476800
111,111,111,111,17,1532563200
109,109,107,107,229,1532822400
107,109,105,109,292,1532995200
107,109,107,109,430,1533081600
108,109,105,105,625,1533168000
105,105,103,105,4127,1533427200
107,107,107,107,60,1533513600
107,107,107,107,1752,1533600000
107,107,104,105,2977,1533686400
107,107,107,107,310,1533772800
107,107,105,105,430,1534032000
103,109,103,109,6307,1534118400
109,115,107,115,9174,1534204800
113,117,111,117,7433,1534291200
116,116,113,114,2752,1534377600
111,111,110,110,540,1534636800
110,110,110,110,632,1534723200
109,109,105,107,1015,1534809600
107,109,107,109,40,1534896000
111,111,109,110,562,1534982400
108,108,108,108,5103,1535241600
110,112,110,110,1510,1535414400
112,112,110,110,168,1535500800
112,114,112,112,2275,1535587200
113,112,111,111,2850,1535846400
113,115,113,115,1530,1535932800
113,114,112,112,671,1536019200
114,114,108,110,3978,1536105600
111,111,110,111,951,1536192000
109,109,107,107,6411,1536451200
106,106,106,106,200,1536537600
108,110,108,110,1225,1536624000
109,109,106,106,8700,1536710400
104,109,104,107,7599,1536796800
109,109,109,109,100,1537056000
110,110,107,107,498,1537142400
106,110,106,110,1942,1537401600
111,111,105,105,7774,1537833600
107,112,107,109,3424,1537920000
107,111,107,111,3554,1538006400
113,113,113,113,23,1538265600
111,111,111,111,30,1538352000
110,110,108,108,1176,1538438400
106,112,106,112,1027,1538524800
110,110,108,108,143,1538611200
108,108,104,106,7443,1538870400
107,107,105,105,10315,1538956800
105,106,105,106,158,1539043200
106,106,106,106,500,1539129600
108,108,106,106,1520,1539216000
106,106,105,106,2800,1539475200
105,107,105,106,4415,1539561600
107,108,107,108,400,1540080000
106,107,106,107,64,1540166400
106,106,106,106,2946,1540252800
108,108,108,108,100,1540339200
106,106,106,106,243,1540771200
106,108,106,108,2584,1540857600
106,106,106,106,200,1540944000
107,107,105,105,750,1541030400
103,104,103,104,2433,1541289600
104,110,104,107,4199,1541376000
106,106,102,104,526,1542153600
104,106,102,106,1194,1542240000
106,108,106,106,520,1542499200
106,106,104,104,150,1542585600
104,105,102,102,5475,1542672000
102,105,101,104,1572,1542758400
104,106,104,106,406,1542844800
106,106,104,104,123,1543104000
104,105,103,103,1356,1543190400
103,103,103,103,806,1543276800
103,103,101,102,1400,1543449600
102,104,101,101,1359,1543708800
101,103,101,103,1053,1543881600
102,104,102,102,850,1544313600
102,102,101,101,563,1544400000
101,101,100,100,19,1544486400
100,101,100,100,162,1544572800
100,100,98,100,2488,1545091200
100,104,100,104,1310,1545177600
104,104,102,102,43,1545264000
102,102,102,102,303,1545523200
102,106,101,106,1897,1545609600
106,106,104,106,2360,1545782400
106,106,104,104,256,1545868800
104,104,102,103,120,1546128000
103,106,103,106,781,1546214400
106,106,106,106,2,1546300800
105,105,101,101,1015,1546387200
101,103,101,103,100,1546473600
103,103,100,100,558,1546732800
100,104,100,104,138,1546819200
104,104,102,102,21,1546905600
102,103,100,100,2200,1546992000
100,100,100,100,3871,1547078400
100,106,98,100,1694,1547337600
100,108,100,108,220,1547424000
108,108,106,106,19,1547510400
106,106,104,104,300,1547596800
104,108,104,104,6843,1547683200
104,109,104,109,1013,1548028800
109,109,107,107,41,1548115200
107,107,103,103,3279,1548201600
103,105,103,103,101,1548288000
103,105,103,104,2206,1548547200
104,104,102,103,1022,1548633600
103,109,103,106,7016,1548720000
106,107,102,102,22560,1548806400
102,105,101,105,22186,1548892800
105,106,104,106,23047,1549238400
106,106,104,106,335,1549324800
104,106,104,104,402,1549411200
105,106,103,105,1302,1549497600
105,105,103,103,1350,1549756800
103,105,103,104,1143,1549843200
102,104,101,101,750,1549929600
103,103,101,102,16323,1550016000
102,103,102,102,7902,1550102400
102,102,102,102,1080,1550361600
101,102,101,102,629,1550448000
103,103,102,102,649,1550534400
103,103,102,103,200,1550620800
103,103,101,101,1500,1550707200
100,101,98,99,3504,1550966400
100,101,99,101,2404,1551052800
101,103,101,103,1600,1551139200
103,103,102,103,1582,1551225600
103,107,103,104,2688,1551571200
106,108,104,108,2832,1551744000
108,108,107,108,1315,1551830400
106,108,106,108,26346,1551916800
106,108,108,108,0,1552089600
106,108,108,108,0,1552176000
110,114,108,110,2162,1552262400
108,112,106,112,21119,1552348800
110,112,108,110,1424,1552435200
110,110,109,110,1237,1552521600
109,112,108,110,10641,1552780800
108,117,108,112,12720,1552867200
110,110,109,109,1031,1552953600
110,113,110,112,1498,1553126400
110,112,110,111,650,1553385600
113,113,111,111,4626,1553472000
111,113,111,112,2151,1553558400
112,114,111,113,1005,1553644800
114,117,113,113,1170,1553731200
112,112,112,112,301,1553990400
112,115,112,112,5358,1554076800
111,112,110,110,10054,1554163200
112,114,109,110,9230,1554249600
112,112,110,112,2449,1554336000
112,114,111,112,10755,1554595200
112,115,112,112,2778,1554681600
111,111,110,110,2967,1554768000
110,118,109,113,360,1554854400
112,112,110,111,734,1554940800
111,113,110,113,1105,1555286400
112,113,112,113,2790,1555372800
113,116,114,116,1710,1555459200
114,114,112,113,2220,1555545600
111,115,111,113,170,1555804800
113,113,111,111,3150,1555891200
112,112,111,111,1350,1555977600
110,112,110,110,1369,1556064000
111,117,111,113,3731,1556150400
115,116,114,114,5900,1556409600
112,113,112,113,1245,1556496000
112,112,111,111,5250,1556582400
109,112,109,110,8131,1556755200
112,112,110,110,289,1557014400
108,108,108,108,1000,1557100800
108,108,108,108,24,1557187200
108,110,108,109,1333,1557273600
107,109,107,108,1341,1557360000
110,112,110,110,489,1557619200
109,109,105,109,24474,1557705600
111,112,107,107,26120,1557792000
109,110,107,107,15244,1557878400
109,112,108,110,7540,1557964800
108,112,108,108,6930,1558224000
107,113,106,111,44799,1558310400
110,116,110,115,34882,1558396800
113,122,111,119,40436,1558483200
119,119,114,117,7404,1558569600
116,116,111,111,220,1558828800
110,119,110,119,28406,1558915200
117,119,117,117,6772,1559001600
118,120,118,118,23952,1559088000
120,126,118,118,42238,1559174400
119,119,117,117,1081,1559433600
117,118,116,116,5080,1559520000
115,118,110,114,15758,1559606400
116,124,116,122,13663,1559779200
122,127,116,122,4275,1560124800
124,124,120,120,410,1560211200
118,121,116,121,3630,1560297600
121,121,118,118,1898,1560384000
117,118,116,117,1357,1560643200
117,123,117,123,21118,1560729600
121,121,119,120,3369,1560816000
119,122,118,119,4866,1560902400
119,120,118,118,10221,1560988800
118,118,116,117,3002,1561248000
117,119,116,119,5323,1561334400
118,120,118,119,1805,1561420800
119,121,119,120,3261,1561507200
120,122,120,121,6543,1561593600
119,119,117,118,1139,1561852800
116,117,114,116,3495,1561939200
116,119,115,119,4906,1562025600
120,120,119,119,1531,1562112000
120,122,119,119,3428,1562198400
118,118,118,118,91,1562457600
120,120,119,120,2727,1562544000
120,121,119,119,2682,1562630400
121,121,120,121,2171,1562716800
121,121,120,120,3892,1562803200
118,120,118,118,872,1563062400
117,120,117,120,3803,1563148800
126,126,121,121,410,1563235200
122,122,120,120,1020,1563321600
122,122,122,122,4743,1563408000
121,123,118,123,2040,1563667200
123,123,121,121,920,1563753600
122,125,121,125,7819,1563840000
123,124,122,122,7983,1563926400
121,123,121,122,3930,1564012800
120,123,120,123,6695,1564272000
121,121,120,120,7440,1564358400
120,126,120,121,3483,1564444800
123,123,121,122,1006,1564531200
122,125,122,124,4189,1564617600
125,125,122,122,1822,1564876800
120,120,120,120,1500,1564963200
120,120,120,120,3500,1565049600
118,121,118,121,3627,1565136000
119,120,119,120,161,1565222400
120,120,118,120,40,1565481600
120,120,118,120,11678,1565568000
120,120,119,120,6535,1565654400
118,120,118,119,1170,1565740800
120,120,119,119,783,1566086400
117,119,117,118,2876,1566172800
119,119,119,119,4000,1566259200
121,123,118,120,8778,1566432000
121,121,120,120,4408,1566691200
118,118,118,118,801,1566777600
119,120,118,118,2150,1566864000
116,117,116,117,4265,1566950400
117,117,117,117,10,1567036800
119,119,118,118,2600,1567296000
118,118,118,118,10,1567382400
116,118,116,118,1600,1567468800
117,117,117,117,604,1567555200
117,117,115,116,3230,1567641600
116,116,116,116,4,1567900800
118,118,116,116,700,1567987200
115,115,112,112,535,1568160000
112,112,112,112,2152,1568246400
111,111,110,110,2432,1568592000
112,114,112,114,1175,1568678400
115,115,114,115,447,1568764800
113,114,110,112,6016,1568851200
114,112,110,110,607,1569110400
109,111,109,111,5881,1569196800
109,109,107,107,531,1569283200
109,114,109,114,55,1569456000
112,112,107,107,1429,1569715200
107,109,107,109,972,1569801600
108,108,108,108,100,1569888000
110,110,110,110,20,1569974400
112,112,112,112,38,1570060800
111,111,109,109,1800,1571011200
110,110,110,110,510,1571184000
109,109,108,109,299,1571270400
108,110,108,110,783,1571529600
109,109,109,109,150,1571616000
109,110,109,109,2055,1571702400
111,115,111,113,630,1571875200
115,115,115,115,20,1572739200
115,115,110,110,177,1572825600
110,110,110,110,100,1572912000
110,111,110,111,1173,1572998400
110,110,110,110,91,1573084800
115,115,113,113,1510,1573344000
111,111,111,111,50,1573430400
109,109,109,109,236,1573516800
111,113,110,113,568,1573603200
113,116,110,114,3110,1573689600
112,112,110,110,1277,1573948800
110,112,110,112,840,1574035200
112,112,112,112,315,1574121600
110,110,110,110,500,1574208000
109,111,109,111,3709,1574294400
109,109,105,105,1441,1574553600
104,106,104,106,1205,1574640000
105,116,105,116,542,1574812800
114,114,112,112,1990,1574899200
112,112,112,112,20,1575158400
110,110,110,110,93,1575244800
110,110,108,108,165,1575331200
108,108,108,108,200,1575417600
110,112,108,112,825,1575504000
111,111,111,111,100,1575763200
110,116,110,116,847,1575849600
118,118,118,118,30,1575936000
119,120,117,117,160,1576022400
115,115,115,115,20,1576108800
113,114,113,114,310,1576368000
111,111,110,110,510,1576454400
108,110,108,110,504,1576540800
108,108,108,108,100,1576627200
109,109,109,109,12,1576713600
107,109,107,109,448,1576972800
108,115,108,115,2050,1577145600
113,113,111,113,133,1577232000
112,112,111,111,614,1577318400
111,113,111,113,23,1577577600
111,111,110,110,543,1577664000
111,112,107,112,2531,1577750400
110,110,110,110,200,1577836800
110,110,109,109,340,1577923200
111,111,110,110,2828,1578182400
112,112,110,110,1900,1578268800
112,114,112,114,1917,1578355200
119,119,117,117,250,1578441600
115,116,115,116,176,1578528000
118,122,114,122,6392,1578787200
121,125,118,119,13824,1578873600
124,124,120,121,7132,1578960000
123,127,120,124,2667,1579046400
126,130,122,122,16443,1579132800
124,134,124,134,47880,1579392000
134,147,129,133,32666,1579478400
135,145,133,134,15442,1579564800
134,142,133,138,5186,1579651200
137,138,131,133,981,1579737600
133,135,131,131,12675,1579996800
131,135,130,130,2884,1580083200
132,134,130,130,2320,1580169600
128,128,126,128,4199,1580256000
127,129,122,122,23236,1580342400
124,132,124,128,1863,1580601600
128,130,125,127,4375,1580688000
129,133,127,133,9626,1580774400
131,133,128,133,3233,1580860800
135,136,131,131,9185,1580947200
133,133,127,129,6822,1581206400
130,133,130,131,559,1581292800
133,135,128,129,4335,1581379200
131,133,129,130,4004,1581465600
128,130,126,128,14761,1581552000
130,130,126,127,4486,1581811200
129,135,128,131,6357,1581897600
131,133,130,130,3658,1581984000
128,132,128,132,2101,1582070400
130,132,128,130,3559,1582156800
132,134,130,131,4280,1582416000
131,137,130,132,5660,1582502400
134,137,131,137,24658,1582588800
139,146,138,141,28619,1582675200
141,142,137,141,13967,1582761600
141,147,141,142,48086,1583020800
143,144,138,138,5432,1583107200
138,139,128,138,29570,1583193600
136,136,128,130,12400,1583280000
129,135,126,130,15507,1583366400
128,128,128,128,10,1583798400
126,135,126,135,20448,1583884800
133,133,129,129,70,1583971200
127,127,118,125,22470,1584230400
127,127,125,127,906,1584316800
125,125,123,123,177,1584403200
122,122,116,120,846,1584489600
123,123,115,115,11830,1584576000
113,113,113,113,10,1589241600
111,111,110,110,200,1589328000
110,110,110,106,170,1593388800
107,107,105,105,1000,1593475200
105,105,105,105,60,1593561600
105,109,105,109,630,1593648000
109,110,108,109,570,1593907200
108,113,106,113,3983,1593993600
115,116,111,115,3540,1594080000
117,121,115,119,3115,1594252800
121,121,120,120,140,1594512000
120,122,120,120,134,1594598400
121,121,119,119,191,1594684800
117,121,115,121,1606,1594771200
123,123,116,120,1695,1594857600
122,132,122,127,6954,1595203200
125,127,119,124,10895,1595289600
122,126,122,124,5980,1595376000
122,124,121,123,2237,1595462400
121,123,121,123,4703,1595721600
124,124,116,116,9518,1595808000
117,121,115,121,5652,1595894400
119,122,118,120,2385,1595980800
118,121,118,121,74,1596067200
122,122,116,118,803,1596326400
117,120,116,120,14490,1596412800
119,119,117,117,1584,1596585600
117,118,115,118,2706,1596672000
118,119,115,119,7352,1596931200
119,122,118,122,16094,1597017600
121,124,119,122,5943,1597104000
120,120,118,119,1670,1597190400
117,118,116,118,5407,1597276800
116,118,114,116,1706,1597536000
118,118,115,118,2085,1597622400
116,118,115,117,2095,1597708800
119,119,116,118,1546,1597795200
117,117,117,117,100,1597881600
118,122,117,122,6330,1598140800
120,124,119,124,5598,1598227200
122,124,121,123,2184,1598313600
123,125,121,123,10263,1598400000
129,129,119,120,5201,1598486400
120,124,119,124,283,1598745600
126,126,120,124,6967,1598832000
123,127,120,127,7450,1599004800
129,129,123,124,5001,1599091200
126,127,122,124,4558,1599350400
122,125,120,124,3371,1599436800
123,124,122,122,5148,1599523200
122,124,121,124,3002,1599609600
124,125,122,125,14744,1599696000
123,125,121,125,1371,1599955200
127,129,122,129,15758,1600041600
127,127,121,124,572,1600128000
122,125,122,125,5207,1600214400
127,137,123,136,66236,1600300800
142,149,140,145,32673,1600560000
153,153,138,142,4486,1600646400
140,140,134,140,13458,1600732800
141,142,131,135,5890,1600819200
135,140,133,133,26975,1600905600
135,145,133,145,21934,1601164800
147,147,138,138,11579,1601251200
137,146,136,136,19544,1601337600
138,140,134,138,18066,1601424000
140,145,140,142,51717,1601510400
144,147,142,144,31311,1601769600
142,150,142,145,7298,1601856000
145,146,143,146,11032,1601942400
144,151,144,149,19163,1602028800
151,163,148,163,101886,1602115200
171,174,159,165,33788,1602374400
164,164,156,159,9749,1602460800
162,165,151,152,37555,1602547200
159,159,145,150,7518,1602633600
153,157,147,147,9901,1602720000
145,145,143,145,4305,1602979200
144,157,144,149,4068,1603065600
151,154,149,154,13472,1603152000
151,160,151,152,27298,1603238400
155,157,153,155,23544,1603324800
162,162,150,157,21654,1603843200
164,164,150,156,24923,1603929600
153,157,151,152,8890,1604188800
155,158,151,151,7340,1604275200
154,154,151,153,3045,1604361600
155,157,150,155,38648,1604448000
158,170,156,170,110834,1604534400
171,171,164,170,37334,1604793600
172,172,165,169,40678,1604880000
172,172,165,169,43225,1604966400
166,171,166,166,15714,1605052800
169,172,166,170,20927,1605139200
178,187,175,187,46707,1605657600
196,205,196,205,24053,1605744000
215,225,205,208,93489,1606003200
209,212,200,201,40525,1606089600
205,210,199,200,22971,1606176000
200,210,200,204,15763,1606262400
205,209,200,200,31553,1606348800
190,211,190,206,28740,1606608000
210,213,205,205,11375,1606694400
215,215,200,200,18155,1606780800
200,204,198,200,14745,1606867200
210,210,197,199,13717,1606953600
196,198,188,189,8629,1607212800
191,197,185,197,19799,1607299200
197,199,188,188,9117,1607385600
191,195,187,188,8823,1607472000
190,201,188,196,19484,1607558400
198,204,194,203,20657,1607817600
203,207,199,207,26943,1607904000
206,206,198,201,61489,1607990400
197,201,194,200,16909,1608076800
196,197,192,196,22135,1608163200
193,195,185,187,19102,1608422400
184,193,180,188,9763,1608508800
191,205,191,204,15685,1608595200
214,214,193,199,12555,1608681600
196,196,192,196,17525,1608768000
198,198,190,193,6551,1609027200
192,196,191,196,9505,1609113600
196,198,195,197,7677,1609200000
196,197,195,195,5859,1609286400
194,206,193,202,38618,1609372800
200,208,200,208,21844,1609632000
205,208,201,205,33350,1609718400
206,209,202,204,9861,1609804800
214,214,203,209,39308,1609891200
199,228,199,226,105054,1609977600
237,246,225,241,68279,1610236800
245,245,229,232,64598,1610323200
243,255,226,253,59183,1610409600
253,278,253,278,107566,1610496000
280,293,261,291,72628,1610841600
305,320,294,320,95713,1610928000
336,352,336,352,115763,1611014400
369,376,342,375,71370,1611100800
393,412,380,412,108752,1611187200
432,453,421,424,163977,1611446400
444,462,389,462,139027,1611532800
471,471,438,458,113060,1611619200
449,449,433,441,42457,1611705600
448,465,416,460,92822,1611792000
480,480,414,424,46058,1612051200
425,432,400,410,38690,1612137600
418,419,399,406,70717,1612224000
389,411,389,397,35383,1612310400
395,398,387,390,43432,1612396800
390,404,388,390,38322,1612656000
397,400,384,397,43187,1612742400
397,406,396,399,18489,1612828800
405,440,397,440,171740,1612915200
448,483,448,455,114732,1613001600
460,464,426,435,35171,1613260800
414,454,414,454,46133,1613347200
445,447,433,435,37484,1613433600
440,446,429,439,78023,1613520000
435,439,424,433,35225,1613606400
431,433,425,428,15797,1613865600
430,440,424,425,32494,1613952000
417,418,401,412,46087,1614038400
420,429,415,421,15125,1614124800
415,416,405,408,17668,1614211200
410,410,399,399,20717,1614470400
398,420,392,403,12101,1614556800
405,409,393,399,11626,1614643200
399,403,385,385,12670,1614729600
392,406,392,406,12519,1614816000
408,412,400,402,6220,1615161600
405,408,396,399,6126,1615248000
396,399,394,399,5940,1615334400
404,404,386,387,4562,1615680000
386,388,381,381,9964,1615766400
381,387,380,380,5286,1615852800
385,394,385,385,4720,1615939200
391,401,391,396,9727,1616025600
403,410,395,403,10974,1616284800
403,403,391,397,6765,1616371200
390,398,390,394,5657,1616457600
395,423,395,417,43590,1616544000
422,449,422,435,88764,1616630400
440,461,430,456,106911,1616976000
456,456,439,455,73263,1617062400
455,491,455,480,152327,1617148800
485,497,480,480,64915,1617235200
489,519,488,510,140960,1617494400
535,535,487,489,66205,1617580800
470,497,470,480,49624,1617667200
489,490,475,475,33963,1617753600
475,483,462,479,91160,1617840000
456,499,441,499,107686,1618185600
489,494,480,490,44520,1618272000
499,500,473,500,61572,1618444800
505,505,485,494,78687,1618704000
498,533,493,512,248397,1618790400
518,522,505,521,109143,1618876800
529,529,500,507,39620,1618963200
505,505,485,495,37980,1619049600
500,503,464,477,50898,1619308800
477,480,443,469,67792,1619395200
466,492,458,478,33755,1619481600
481,486,463,463,32409,1619568000
472,472,458,465,35691,1619654400
469,480,460,478,28166,1619913600
480,485,468,471,26973,1620000000
478,478,466,466,22019,1620086400
471,480,466,471,31519,1620172800
470,478,470,475,29467,1620259200
498,498,466,466,16652,1620518400
464,473,461,470,16405,1620604800
471,473,470,471,15406,1620691200
472,479,469,469,25346,1620777600
470,499,469,490,72163,1620864000
495,530,494,502,58273,1621123200
506,515,494,497,29192,1621209600
505,546,500,534,192445,1621296000
540,587,510,587,191023,1621382400
600,645,569,645,236547,1621468800
650,709,621,690,171043,1621728000
691,692,662,675,85966,1621814400
675,693,661,682,71024,1621900800
648,726,648,712,61389,1622073600
712,770,701,755,83222,1622332800
760,790,711,790,56643,1622419200
795,853,740,853,104723,1622505600
830,937,824,930,67998,1622592000
976,1020,925,1020,101405,1622678400
1015,1055,970,1055,112924,1622937600
1050,1160,1009,1160,147624,1623024000
1200,1276,1200,1276,35129,1623110400
1278,1403,1149,1389,80807,1623196800
1389,1444,1280,1330,50419,1623283200
1331,1400,1284,1330,85696,1623542400
1343,1417,1237,1379,82641,1623628800
1350,1432,1297,1432,70126,1623715200
1404,1404,1289,1289,40485,1623801600
1275,1314,1217,1256,33531,1623888000
1231,1358,1131,1324,75703,1624147200
1390,1390,1192,1260,84538,1624233600
1323,1323,1135,1240,32899,1624320000
1242,1242,1150,1190,21744,1624406400
1175,1198,1135,1166,42059,1624492800
1189,1189,1112,1115,21441,1624752000
1060,1150,1058,1093,59518,1624838400
1050,1113,1036,1063,36207,1624924800
1116,1138,995,1130,60790,1625011200
1100,1160,1100,1149,25288,1625097600
1130,1137,1086,1100,15007,1625356800
1100,1109,1028,1030,31124,1625443200
1015,1050,1000,1035,16357,1625529600
1050,1050,1002,1012,28766,1625616000
962,1047,962,1030,23322,1625702400
1050,1133,1050,1133,44522,1625961600
1189,1203,1093,1135,56040,1626048000
1180,1191,1112,1170,21936,1626134400
1220,1220,1151,1180,250644,1626220800
1230,1269,1175,1250,303780,1626307200
1275,1300,1230,1251,56783,1626566400
1276,1276,1206,1206,29888,1626652800
1205,1221,1175,1175,18151,1626739200
1162,1193,1155,1182,20618,1626912000
1205,1205.6,1162,1162,14722,1627171200
1180,1250,1165,1220,28513,1627257600
1195.6,1215,1171.7,1200,16390,1627344000
1224,1224,1200,1201,16420,1627430400
1205,1210,1170,1170,14186,1627516800
1193,1193.4,1148,1157,31568,1627776000
1156,1205,1147,1148,15908,1627862400
1156,1160,1127,1153,16244,1627948800
1176,1176,1145,1155,19786,1628035200
1156,1178.1,1130,1140,26573,1628121600
1162,1208,1130,1135,17084,1628380800
1134,1156,1115,1152,21790,1628467200
1162,1248.4,1160,1233,59374,1628553600
1257,1260,1193,1194,37030,1628640000
1214,1214,1167,1194,27102,1628726400
1170.2,1175,1105.5,1150,32421,1628985600
1127,1130,1104.6,1113,27939,1629072000
1135.2,1224.3,1090.5,1224.3,119501,1629158400
1248.7,1315,1248,1299,92530,1629244800
1324.9,1336,1273,1282,55506,1629331200
1257,1410.2,1256,1410.2,182096,1629763200
1438.4,1500,1420,1443,86760,1629849600
1471.8,1471.8,1374,1411,88416,1629936000
1383,1408,1330,1330,47079,1630195200
1330,1330,1200.5,1268,55233,1630368000
1242.7,1310,1240,1240,30814,1630454400
1254,1279.8,1180,1186,61135,1630540800
1165,1186,1067.4,1100,40795,1630800000
1100,1210,1060,1210,41981,1630886400
1185.8,1251.5,1159,1185,26098,1630972800
1165,1173,1121.7,1136,72033,1631059200
1130,1180,1104.5,1104.5,15840,1631145600
1100,1146,1100,1136,14369,1631404800
1158,1187,1120,1130,13683,1631491200
1152.6,1170,1100,1110,12502,1631577600
1106,1122,1050,1050,23608,1631664000
1050.1,1051,980,1015,38518,1631750400
999,1035.3,941,970.2,21064,1632096000
960,1000,875,945,33749,1632182400
950,1019,950,1018,18755,1632268800
1038.3,1080,995,1018.7,29247,1632355200
999,1035,965,967,17289,1632614400
986,1025.8,893,1025.8,62944,1632700800
1005.3,1010,923.3,923.3,26328,1632787200
920,933.9,879.1,907.5,14202,1632873600
925,925.6,880,880,8769,1632960000
864.4,897,799.7,824.9,20671,1633219200
841.3,841.3,765.1,804,14573,1633305600
820,836,802,815,12045,1633392000
831,879,814,876,14226,1633478400
893,910,860,880,9521,1633824000
880,880,838.1,849.9,7827,1633910400
866,875,841,860,4223,1634428800
850,877,810,830,14379,1634515200
827,827,748.1,773,9844,1634601600
783.1,831,770,831,11048,1634688000
847,847,790,824,10635,1634774400
824,849,798.7,849,11203,1635033600
833,933.9,833,933.9,37960,1635120000
952.5,1008,916,1000,18649,1635206400
1020,1020,950,989,14131,1635292800
977,1007.1,967,984.9,11223,1635379200
994,1020,969,1015,12251,1635638400
1035,1035,970,972,20472,1635724800
952.6,990,929,960,16340,1635811200
945,958,930,937,12575,1635897600
948,955,901,925,6690,1636329600
911,943.5,870,877.1,37197,1636416000
865,872.1,819.3,830,14336,1636588800
820,850,820,834,5475,1636848000
850.6,867,840,840,6564,1636934400
840,885,840,870.1,7710,1637020800
887.5,957.1,882,928,16084,1637107200
930,945,890,895,6525,1637193600
895,895,871,880,4855,1637452800
880,912,860.5,880,4317,1637539200
880,897,835,864,3244,1637625600
850,869,828.1,842,4028,1637712000
858.8,869,835,835,7836,1637798400
820,850,802.1,815,6604,1638057600
831.3,831.3,795,795,4081,1638144000
810,826,779,794,9953,1638230400
805,809.7,796.1,809.7,3746,1638316800
801,801,765,783,6937,1638403200
768,780,741,743.1,9232,1638662400
730,764.9,717,764.9,10728,1638748800
779.9,780.1,740,754,5083,1638835200
739,766,730,730,6003,1638921600
716,744.6,716,725.1,4406,1639008000
739,739,705,705.1,8006,1639267200
705,771.9,651.8,771.9,11904,1639353600
756.5,849,716,849,21798,1639440000
855,892.5,820,888,46028,1639526400
870.3,923,835.9,923,21893,1639612800
904.6,1015.3,830.7,1015.3,227143,1639958400
995,995,913.8,925,47236,1640044800
925,925,832.5,905,155215,1640131200
886.9,886.9,814.5,844,251438,1640217600
844,844,764,797,99892,1640476800
797,876.7,755.7,876.7,129355,1640563200
859.2,859.2,789.1,789.1,71664,1640649600
775,822,760,822,149319,1640736000
806,806,774.2,779.9,73992,1641081600
765.9,781,765.9,770,123885,1641168000
775,785,755,769.9,68245,1641254400
772,780,755,769.9,69772,1641340800
760,784,760,765,58544,1641427200
755,786,755,774,203109,1641686400
784.9,831,777,829,278555,1641772800
845.5,903,836,894,186950,1641859200
911,913,860,864,198759,1641945600
864,891,848,878,136775,1642032000
895.4,913.3,877,880,219131,1642291200
881,897,870.1,875,86513,1642377600
876,889,842.8,845,88989,1642464000
850,857,817.1,834.9,87342,1642550400
822,874.9,819,870,78994,1642636800
852.6,852.6,787,825.9,178234,1642896000
810,838.4,772,838.4,135460,1642982400
821.7,821.7,775,800,69229,1643068800
816,816,771,781,117091,1643155200
794,795,775.1,779,27530,1643241600
794.5,819,794.4,810,40043,1643500800
820,820,780,793.2,27201,1643587200
782,805,781,802,43851,1643673600
803.1,816,775,778,63408,1643846400
778,778,764,773.8,42550,1644105600
765.2,785,764,770,44694,1644192000
785.4,809,763,763,37191,1644278400
768,770,745,758,43000,1644364800
755,771,748,757.2,38816,1644451200
757,757,715.1,719,47217,1644710400
731.9,735,709,710,40418,1644796800
709,724.2,700,720,60306,1644883200
720,725,695,702,75085,1644969600
707.9,715,694,696,42404,1645056000
683,686,670,671,33217,1645315200
682.2,710,670,691,47132,1645401600
704.8,725,691,717,86373,1645488000
725,727,695,695,66846,1645574400
695,696,675,677,34796,1645660800
677,690,670,676,25963,1645920000
676,695,657.6,658,21638,1646006400
650,665,624,625,34512,1646179200
635,650,607.6,614,25125,1646524800
613,622.2,595,595,19613,1646611200
595,613,570.1,578.4,23667,1646784000
575,613.9,565.5,611,28287,1646870400
622.9,645,615,644.8,37248,1647129600
646,650,625,648,15534,1647216000
647.9,688.5,639,678,75891,1647302400
689,689,659,670,22757,1647388800
660,697,643,655.1,35100,1647734400
656,673,635.2,670,53873,1647820800
683,683,660.1,660.1,14940,1647907200
664,664,638,655,35500,1647993600
645,650,635,635,39643,1648080000
635,635,606,610,31790,1648339200
610,622,595,597,23032,1648425600
597,612,587.2,595,18446,1648512000
591,610,585.2,610,16188,1648598400
613.5,613.6,585,586,21104,1648684800
587,594,570.1,573,17653,1648944000
583.9,583.9,567,570,11571,1649030400
566,566,545,548,32558,1649116800
545,554,531,531,16334,1649203200
532,548,527,538.1,19634,1649289600
548.8,558,520.6,520.6,20803,1649635200
521,521,500,503,24075,1649721600
511,512.7,489.3,500,21591,1649808000
510,518,485.1,488,16023,1650153600
480.2,482,469.5,469.5,20536,1650240000
464,481.9,451,468,18013,1650326400
460.6,468,441.2,441.2,18731,1650412800
433,454,416,440,32039,1650499200
448.7,483.9,438,482,38033,1650758400
482,490,461.1,461.1,26446,1650844800
470.3,475,456,461,18022,1650931200
470.2,472,451.8,464,8773,1651017600
473.2,473.2,450,450,16859,1651104000
450,450,425,426,12548,1651449600
434.5,434.5,415,427,17910,1651622400
418.6,424,410.6,411.3,16849,1651708800
411.3,427.3,403.1,427.3,18226,1651968000
435.8,435.8,419,421,18091,1652054400
429.3,435,423,433,15551,1652140800
439.9,452,428,452,35407,1652227200
455,470,444,452,29571,1652313600
444,450.9,421,425,16459,1652745600
420,430,405.1,425,10804,1652832000
425,434,415,420,9390,1652918400
420,426.9,415,415.2,5851,1653004800
415.2,419,407.1,408,14485,1653264000
416.1,424.4,406,419,8690,1653350400
419.5,426.9,417,421.9,6496,1653436800
425,427,419,423.9,4654,1653523200
420.1,428.5,411.6,413,22384,1653609600
411,416,402,405,6130,1653868800
400,410,396,402.9,15999,1653955200
408,408,399.9,405,7367,1654041600
412.8,412.9,399.1,399.1,11255,1654128000
397,400,393,396.9,10639,1654214400
404.8,412.8,392,399,17177,1654473600
392.1,400,376,381,28306,1654560000
375,411,373.5,409.9,18076,1654646400
416,416,389,395,25644,1654732800
402.9,402.9,382.2,385,15505,1654819200
382.1,399,381.3,386,8712,1655078400
393,393,376,382.9,9619,1655164800
378.2,384.5,365,380,19339,1655251200
379.1,403.3,375,384,8750,1655337600
384,391.5,380,380,4159,1655424000
378,385,369.1,371.5,9110,1655596800
365,372,357,372,17412,1655683200
372,400.5,371,386,16138,1655769600
382,389.9,365.1,379.9,14561,1655856000
375,387.4,361.7,387.4,19301,1655942400
388.9,394,365.2,385.5,12760,1656028800
392.8,416,385,415.9,45743,1656201600
424.2,427.9,400.2,403.3,43045,1656288000
396,411,395.2,406,19675,1656374400
403,423.3,402,422,16273,1656460800
430,452,416,451.9,46640,1656547200
451.9,465,428,450,22768,1656633600
441,477,441,476,39346,1656806400
484,520,461,489,84727,1656892800
479.3,505,464,474,71699,1656979200
465,510,447,490,242110,1657065600
499.8,512.2,491,492,93353,1657152000
485.1,497,480.1,480.1,34579,1657238400
479,479,445,446,49460,1657497600
440,460,439,444,170377,1657584000
452,472.9,443,470,60360,1657670400
479,487,455.1,480,48063,1657756800
489,489,465,473,32351,1657843200
470,484,467.1,484,33509,1658016000
493,503,466.1,499.8,89767,1658102400
509,523,490,519,103579,1658188800
525,543,516,537,98285,1658275200
547.7,547.7,523,529.9,66965,1658361600
525,529,508,509.9,96088,1658448000
511,542,506.1,542,77567,1658620800
552.8,596.2,535,596,150769,1658707200
607.9,625,583,610,125690,1658793600
610,640,588,636,144099,1658880000
647,689.9,634.1,670.1,157585,1658966400
670,709.5,657,698.7,86902,1659052800
700,715,676,690,134691,1659225600
676.2,693.5,665.1,679,127210,1659312000
688,690,667,678,64324,1659398400
691.5,692,667.5,669,56435,1659484800
661,679,639,641,115174,1659571200
635,640,612.5,630,87637,1659657600
642.4,642.4,606.1,637,66150,1659830400
649.7,655,627.3,632.1,50913,1659916800
625,632,605,607,49587,1660003200
600,611.9,590,590,31106,1660089600
600,624,560,571,67318,1660176000
560,582.4,543.9,548,31581,1660435200
540.2,599.9,540.2,599,61733,1660521600
610.9,620,577,580,59571,1660608000
572,596,570.3,579,36230,1660694400
568,600,568,594.7,34876,1660780800
583,618,583,597.9,38259,1661040000
586,598.7,580,597,34552,1661126400
608,608,576.5,593,17180,1661212800
604.8,604.8,575,579,31866,1661299200
590.5,593,563,566.9,29836,1661385600
567,567,545.3,546.2,43108,1661472000
535.3,556,520.1,522,38821,1661644800
529.9,550,519.1,535.9,32200,1661731200
542.9,549.9,534,538.6,29663,1661817600
542.9,545.8,520,526,15027,1661904000
517.2,540.2,513,534.5,22298,1661990400
524,549,524,530,13830,1662076800
540.5,543,520,533,20054,1662249600
523,538,523,525.1,9656,1662336000
535.5,545,515,518,26711,1662422400
528,528,510.2,517.9,12186,1662508800
515.5,533.6,510,527.1,31984,1662595200
529,531,514.5,514.5,20303,1662854400
511.1,521,506.1,518.9,16153,1662940800
515,533,515,531,24254,1663027200
539,575,528.3,572,81868,1663113600
561,583,533.4,544,77582,1663200000
554.8,554.8,502.3,530,36447,1663286400
540.6,540.6,515,518,32369,1663459200
508,519,488.1,499.9,45341,1663632000
509.8,519.9,498,500,34875,1663718400
491,509,491,496,13753,1663804800
487.5,497,474.4,481,16408,1664064000
472,499,472,489,12102,1664236800
497,497,479,479.9,3776,1664323200
487,487,470.4,473,13380,1664409600
482,510,477,507,32901,1665273600
508,509,485,493,18117,1665360000
502.8,502.8,478,490.1,4877,1665446400
481,512,481,507,35878,1665532800
500,524.9,500,519.9,52396,1665619200
521,528,500,500,17589,1665878400
500,508,493,493,16784,1665964800
500,510,478.3,478.3,21859,1666137600
474,498,474,483,12383,1666224000
492.5,494.9,483.1,489.9,4781,1666483200
499.6,509,492,500,17181,1667174400
510,535,499.8,530,47531,1667260800
535,560,521,543,72775,1667347200
533.1,555.9,533.1,538,40680,1667433600
547,565,527.4,565,48345,1667692800
555,584.4,555,559,90013,1667779200
550,576,550,562,44967,1667865600
570,575,524,529,62261,1667952000
525.1,540.6,509,510,52172,1668038400
512,527,505,526,20635,1668297600
519,548,512.1,540,46888,1668384000
550.8,556,523.1,525.2,57790,1668470400
535,543.6,524.3,540,14317,1668556800
535.5,555,535.5,541.1,57413,1668643200
550,552,531.1,532.2,31112,1669075200
527,542,526,533,25480,1669161600
522.4,545,522.4,544,36918,1669248000
538,554.8,538,551,47139,1669507200
551,566,540,542,31995,1669593600
540,554,535,548,25161,1669680000
540.1,553.7,540.1,546,26458,1669766400
545,556.5,542,545,38506,1669852800
548.9,553,538.1,540.5,21946,1670112000
546,546.5,525,526.8,24509,1670198400
522.3,535,522.3,529.9,28331,1670284800
521.5,537.9,517,524,24224,1670371200
529,529,509.6,510,21137,1670716800
518,525,510,524,20793,1670803200
513.6,530,513.6,518,15004,1670889600
528.3,528.3,514,522,14544,1670976000
511.7,521,509,515,13126,1671062400
510,513.9,497,500,27737,1671321600
510,520,499.5,504.9,9243,1671408000
502,517,500,500,21982,1671494400
495,510,495,501,15080,1671580800
495,496.9,490,490,14198,1671667200
499.8,539,499.8,539,54093,1672012800
540,575,540,567.1,140067,1672099200
568,578.4,550,559,61958,1672185600
550.1,588,550,588,91656,1672272000
595,607,566,589,84675,1672531200
577.3,598.9,571,590,104912,1672617600
600,600,571.1,575,76098,1672704000
566.1,600,566.1,599,56765,1672790400
603,609,585,595,113485,1672876800
606.9,630,588,624.9,130070,1673136000
613,633.5,612,629,86526,1673222400
620,652,588.1,603,100303,1673308800
615,639,577,579.9,124391,1673481600
579.9,608,571,600.9,65927,1673913600
590,613,586,599.8,53880,1674000000
611,611,583.1,586,28597,1674086400
597.7,620,583.1,585,51017,1674432000
585,595,572,593.1,47974,1674518400
582.5,617,582.5,605,59765,1674604800
616.8,616.8,593,600,27158,1674691200
588.8,598,581,583,34963,1674950400
579,583,566.5,568.1,40078,1675036800
561.2,571,555,564.9,47531,1675123200
576,576,554,563,40373,1675209600
574,574,542,549,44308,1675296000
551,558,540,557,25202,1675555200
550,560.9,545,547,51064,1675641600
540,575,540,575,45918,1675728000
586,589,562,569,30842,1675814400
560,580,560,569,17362,1675900800
557.7,560,545,546.5,29764,1676160000
540,549,535.7,541,15462,1676332800
545,548.7,530,532,21196,1676419200
540,540,522,528,18913,1676505600
528,531,515,517.2,15416,1676851200
527.5,540,518.5,539,21221,1677024000
540,540,518.4,522.8,35854,1677110400
512.4,540,496,540,37744,1677369600
549,549,513,520,27878,1677456000
530.4,530.4,517.6,529.9,10481,1677542400
520,525,515,518.9,14657,1677628800
509,515,506.1,507,26082,1677715200
510,513,495,495.1,17842,1677974400
505,510,498,504.9,11037,1678147200
510,530,510,525,21931,1678320000
535.5,535.5,511.1,512.9,17964,1678579200
517.2,517.2,506,510.1,11477,1678665600
508,520,508,517,11296,1678752000
512,515,505,507,10058,1678838400
517,517,506,510,7018,1678924800
500.1,513,500.1,509.5,5097,1679184000
503,519.1,503,517.9,6857,1679270400
513,522,506.5,506.5,9522,1679443200
506.1,510,500,504,9030,1679529600
510,510.9,496,496,9841,1679788800
500,508,490.1,508,12656,1679875200
511,519.8,506.5,510,7385,1679961600
509,510,503.2,506,6312,1680048000
510,514,500,502,8599,1680134400
502,512,494,494,10181,1680393600
491,495,490,495,10712,1680480000
493,500,488,494,6385,1680566400
495,499,488,496,2634,1680652800
496.1,496.1,481.5,485,5870,1680739200
480,487,473.1,480,8240,1680998400
485,488,470.4,483,8578,1681084800
485,494,485,494,3903,1681171200
503,525,500,524.8,18641,1681257600
525,530,499.8,514.1,17996,1681344000
514.5,514.5,502.1,509,5748,1681603200
518.5,518.5,500,500,9606,1681689600
497,501,486.2,489,16321,1681776000
490,499,480,493,6148,1681862400
484,510,484,490,7384,1681948800
483.1,494,482.1,483.1,6197,1682208000
482,495,482,487.2,4888,1682294400
480,498,480,493.9,1756,1682380800
503,503.7,488,492.9,6527,1682467200
485,494,480.1,480.1,9087,1682553600
481.1,489.7,478.1,480,6705,1682812800
489,489,476,477,5571,1682985600
471,487,471,482,3871,1683072000
475,491,475,485.9,4275,1683158400
476.2,487,471.1,480,4629,1683417600
471.1,480,467,474,6159,1683504000
465,483,465,480,5394,1683590400
475,483.5,474.5,480,5106,1683676800
472,484,471,473.5,3100,1683763200
470.1,480,465,465.2,5466,1684022400
474,474,454,463.9,6294,1684108800
456,467.8,456,467.8,4321,1684195200
461.1,482.9,461.1,479.9,8394,1684281600
470.4,500,470.4,499.9,10650,1684368000
500,505,481,485,14786,1684627200
485,498,478,489.9,9946,1684713600
480.2,519,480.2,518.9,30913,1684800000
520,520,508.1,519,16330,1684886400
518,525,497,510,26963,1685232000
499.8,505,486.2,493,25477,1685404800
483.2,508,470.1,480,21276,1685491200
488,490,473,481,15987,1685577600
490.6,508,490.6,503.7,12844,1685836800
505,530,487,530,27897,1685923200
525,529,496.6,517,50896,1686009600
506.7,527,505,505,12259,1686096000
494.9,510,494.9,501,15799,1686182400
510,533.8,506,520,59953,1686441600
529.7,539,511.3,521.5,30058,1686528000
523,545,512.6,540,35280,1686614400
549,549,519.4,535,49758,1686700800
525,532,515,527,33068,1686787200
537.5,538.5,525,533.9,41629,1687046400
544.5,569,526,564,89959,1687132800
565,580,548,560,80806,1687219200
550,560,537.2,542,53295,1687305600
544,547,532,535,19787,1687392000
539,563,530,557,69557,1687651200
568.1,579,565,573,77600,1687737600
584.4,605,571.4,600,65035,1687824000
604,608.8,579,579,106695,1687910400
590.5,590.5,562,564.9,49579,1688256000
564.9,572,554,558.9,37661,1688342400
570,570,552,565,19737,1688428800
560,572,550,555,27342,1688515200
545,568,545,552,21101,1688601600
562,575,556,568,17122,1688860800
562,584,562,572.1,27527,1688947200
573,598,561,580,45549,1689033600
591.6,600,567,572,39641,1689120000
583.4,590,554.7,564.9,31405,1689206400
555,575,549,560,45240,1689465600
554,580,554,578,23126,1689552000
589,589,567,579.5,21112,1689638400
568,582,567.4,570,23498,1689724800
561.1,570,561.1,566,15024,1689811200
558,578,555.1,572,34490,1690070400
564.2,580,553,558,38204,1690156800
550.1,565,546.1,553,20744,1690243200
547,562.9,547,549,14837,1690329600
551,557,535,535,18392,1690416000
526,542,520,520,24619,1690675200
512.1,543.3,512.1,526,20881,1690761600
536,539.9,509.6,510.3,11288,1690848000
520.5,529,511.1,529,17252,1690934400
538,568,523,523.1,21882,1691020800
533,549,522.2,534,27405,1691280000
523.5,586.7,523.5,586,34800,1691366400
574.3,574.3,537.7,537.7,50075,1691452800
527.1,558.9,527.1,557,20236,1691539200
546,564,537,550,18576,1691625600
539,580,539,560,33899,1691884800
548.8,561.5,540,557,20371,1691971200
545.9,550,537,547,13492,1692057600
536.2,541,526.5,540,24082,1692144000
530.1,547,530,545,23576,1692230400
555,555,530.3,540,6198,1692489600
529.2,550,527.1,528,8189,1692576000
522,540,522,540,10611,1692662400
529.2,552,529.2,548,10552,1692748800
558.9,558.9,527,532,9978,1692835200
532,532,523.2,530,7319,1693094400
520,535.5,520,530,5838,1693180800
525,530,523,526.9,1791,1693267200
525,527,522.1,526,5345,1693353600
520,533.9,515.7,517,8618,1693699200
511,525,511,525,8350,1693785600
515.5,530,512,512,3920,1693872000
522,522,498.1,500,10592,1694044800
501,507.9,497,500,5453,1694304000
492.7,517,492.7,515,16284,1694390400
505,516.1,504,505,8572,1694476800
500.1,520,500.1,519,8401,1694563200
508.9,520.1,502,504,7338,1694908800
495.1,513,495.1,513,3461,1694995200
502.8,524.3,493,524.2,11806,1695081600
524.2,554.8,515,550,36474,1695254400
539,552,528.3,552,21076,1695513600
541,600,519.6,560,39104,1695600000
548.8,560,548.8,555,8402,1695686400
544,577.4,536,540,25458,1695772800
535.1,545,530,537.9,9207,1696118400
527.5,553.8,517,544,17381,1696204800
533.2,560,522.6,529,8931,1696291200
539.5,547,531.1,543.9,5737,1696377600
533.3,543,523,538.8,6014,1696464000
544,544,515,524,36418,1696723200
515,525.3,506,517.8,22466,1696809600
508,518,508,510,4423,1696896000
500,519.8,500,512,14297,1696982400
503,515,503,509.4,8120,1697068800
500.1,510.1,499,505,10791,1697414400
500,519,495.1,517,9538,1697500800
506.7,522,496.6,522,11951,1697587200
511.6,520,481.6,516.8,17302,1697673600
510,510,496.1,499.8,5764,1698537600
490,509,490,508,5534,1698624000
504,510.9,502,504,1696,1698710400
495,504.9,495,503.9,2901,1698796800
498,502.8,495,500,2662,1698883200
490,500,490,496,6046,1699142400
487,510,487,507,8035,1699228800
510,511.9,497,510,10475,1699315200
500,516,500,508.6,8921,1699401600
500,505.2,500,505.2,4767,1699488000
496,508,496,503,3941,1700438400
493.5,500,490.1,497,13744,1700524800
488,506.9,488,503,10609,1700611200
493,510,484,500.2,7916,1700697600
492.1,542,492.1,521.4,24174,1700956800
511,562,511,516,23862,1701043200
505.7,529,505.7,525.8,7240,1701129600
525.8,534.3,510,519.5,6676,1701216000
509.2,518,499.8,505,20351,1701302400
494.9,510,494.9,510,6749,1701561600
499.8,520,499.8,513.9,6974,1701648000
503.7,519.7,500,506.9,10023,1701734400
496.8,509.6,496.8,501.9,17005,1701820800
491.9,515,491.9,505,16147,1701907200
514.9,555,505,550,2040,1702166400
561,561,520,534,31012,1702252800
544.6,544.6,515.5,535,17291,1702339200
544.9,550,527,534.3,34106,1702425600
523.7,537.9,523.7,528.9,11375,1702512000
521.1,542,515.3,538,22979,1702771200
535,569.1,535,555,91706,1702857600
566.1,570,546.2,560.2,41685,1702944000
571,580,557,573.8,37255,1703030400
585,585,551.2,555,28241,1703116800
545,577,543,543,31533,1703376000
553.8,564.8,536,547.1,25129,1703635200
542.1,554,540,545,15608,1703721600
536,557,536,548,32321,1704067200
543,548.8,536,545,12650,1704153600
534.1,550,523.5,548,15056,1704240000
537.1,553,534,534,20013,1704326400
525,540,522.4,525,18700,1704585600
516,536.6,516,527,13690,1704672000
537.5,547,536.1,543,20627,1704758400
550,564,545.5,549,57002,1704844800
540.1,558.4,540.1,546,15426,1704931200
550,564,550,557.5,18271,1705190400
565,598,565,591,89109,1705363200
595,611,570,574,93494,1705449600
563,582,563,573,38463,1705536000
563.1,584,560,569.1,43304,1705795200
560,571,555,558,38087,1705881600
550,569,550,560,17756,1705968000
554,571.1,554,558.9,20287,1706054400
547.8,575,547.8,559,22132,1706140800
563.9,563.9,555.1,560,5549,1706400000
566,577,557,562.2,18328,1706486400
557,573,557,563.6,9331,1706572800
555.1,574,553,553.5,17519,1706659200
551.2,565,548.1,548.6,33671,1706745600
540.5,563,540.5,557.9,14486,1707004800
549.4,566,549.4,560,20859,1707091200
550.1,570,550.1,569,16740,1707177600
562,573,558,566,17875,1707264000
558,569,558,565,13808,1707350400
574,576,560,560,6907,1707609600
565,571,565,570,21952,1707696000
565,574.9,560,565,32650,1707782400
562.1,619,562,606,208840,1707868800
609,615,580.1,584,56571,1707955200
578.2,581,567.3,570,34801,1708214400
558.6,581,558.6,573,28511,1708387200
562,590.5,562,589,39680,1708473600
577.3,647.9,577.3,619.9,225994,1708560000
620,668.3,620,651.9,165634,1708819200
664.9,664.9,615,617,99486,1708905600
621.2,636.4,610,628,49522,1708992000
628,628,614,614,36112,1709078400
618,619.9,580,583,57875,1709164800
575,595,575,580.1,23695,1709424000
591.7,627.3,591.7,624,1300,1709510400
625,625,596,618,92213,1709596800
605.9,668,585,668,99214,1709683200
670,670,643,654,120326,1709769600
654,674,645,671,101983,1710028800
684.4,713.8,662,702,134207,1710201600
713,767,695,755,190425,1710288000
755,830,728,750,168293,1710374400
750,785,750,785,136140,1710633600
800,863.5,775.1,863.5,292380,1710720000
846.3,930,783.1,860,190766,1710806400
850,946,820.5,946,139705,1710892800
927.1,927.1,852,855,327548,1710979200
837.9,922.7,790,872,343485,1711324800
854.6,878,838.1,878,93160,1711411200
860.6,870,820.1,858,69174,1711497600
840.9,890,833,880,186907,1711584000
881,888,860.2,879,144150,1711843200
861.5,877,855,869.9,115371,1711929600
853,904,850,880,173197,1712016000
862.4,877,845.3,869.9,136836,1712102400
853,930.2,846,854.9,270698,1712188800
854.9,885.3,854.9,884,220985,1712448000
901.5,901.5,850,852,186879,1712620800
835,854.8,812.2,816,133529,1712707200
799.7,831,799.7,828.5,62527,1713052800
812,845.4,812,823,75837,1713139200
823,905.3,800,905,212626,1713225600
844.9,845,819.2,820,218705,1713398400
804,805,765.6,787.1,129366,1713657600
771.4,827,754.6,755,150131,1713744000
770.1,770.1,740.1,768.9,110945,1713916800
775,794.5,757,770,103424,1714003200
785.4,785.4,760.1,760.2,111346,1714262400
760,762,741,745.1,121068,1714348800
745.1,746,710,711,224124,1714435200
711,743.6,680,725,223183,1714608000
711,734,711,720,86171,1714867200
712.1,729,700,700,89365,1714953600
713,713,677.6,678,59810,1715040000
690,705.8,681.5,702.9,81824,1715126400
688.9,730,688.9,711,85563,1715212800
725.2,725.2,690,713,61527,1715472000
699.1,719.1,699.1,713.2,85980,1715558400
699,717,699,714.5,35815,1715644800
700.3,715.8,700.3,708,47687,1715731200
693.9,718,687,693,82143,1715817600
706.8,706.8,683,683,68364,1716076800
670,696,668.1,670,72783,1716163200
670.9,693.6,670,685,66176,1716249600
690,693,670.4,671,70854,1716336000
673,678,668,670.9,38820,1716681600
665.1,680,665,672,44813,1716768000
685,685.3,660,669.9,47225,1716940800
676.9,676.9,653,657,45855,1717027200
666,675,660.1,669.5,59114,1717286400
679,679,665.3,668,40976,1717372800
670,671.9,663.2,670,27244,1717459200
670.1,679.9,668,668,30061,1717545600
668.1,673,655,655.4,40441,1717632000
660,665,645,646,45107,1717891200
657,704,646,692,99039,1717977600
703,739.5,695,731,128856,1718064000
731,744.5,725,733,75199,1718150400
740,747.5,711.5,739.9,80523,1718236800
735,745.5,720,729,63411,1718496000
720,745,715.2,736.7,102035,1718668800
736.7,758,728,750,129003,1718755200
758,793,750,774.9,112673,1718841600
779,798.6,775,781,109737,1719100800
765.4,790.5,755.1,769.9,107114,1719187200
754.6,775,740,744,83904,1719273600
729.2,760,729.2,732,72413,1719360000
717.4,744,710,711,68000,1719446400
710,717.9,698,700,43110,1719705600
692,712,692,696.9,31571,1719792000
710.8,740,700.1,703,43786,1719878400
700,735,692,727,84106,1719964800
738,738,710.5,710.5,61645,1720051200
710.5,714,700.1,700.1,42944,1720310400
709.9,710.1,695,697,58770,1720396800
694.2,706.9,694.2,697.2,32717,1720483200
707,710,698,699.9,46320,1720569600
710,739,701,729,96658,1720656000
743.5,758,721.3,735.6,43428,1720915200
750.3,750.3,718,720,47245,1721001600
706.1,754,706.1,742.9,69515,1721088000
744.5,772,726,757.3,87353,1721174400
762,775,751.2,751.4,88983,1721260800
755,773.9,740,755,131346,1721520000
756,770,743.5,755,80471,1721606400
762,779,758,775.1,76787,1721692800
779,799,760,769,109796,1721779200
784,788,760,770,80657,1721865600
785.4,799,744,775,67123,1722124800
775,786,761,762,92753,1722211200
770,795,756.6,780,140000,1722297600
781,858,781,858,173974,1722384000
875.1,943.8,875.1,931,233614,1722470400
931,932.9,880.3,880.3,182455,1722816000
865,870,792.3,792.3,250116,1722902400
776.5,870,745.8,848,140199,1722988800
863,863,815,815,87322,1723075200
831.3,847,815,840,97966,1723334400
850,890,850,860.1,103194,1723420800
877,946.1,855,915,173287,1723507200
933.3,985,915,982,163272,1723593600
980,1041,940,942,169295,1723680000
923.2,950,885,894,170903,1723939200
876.2,929.9,876.2,914,104804,1724198400
932.2,980,917,919,113658,1724284800
919,929,869,873,104778,1724544000
873,891,835,843,68007,1724716800
859.8,876,817,818,76568,1724803200
834,839,801.1,801.1,55780,1724889600
805.3,831,795,795,59784,1725148800
810,864,802.5,864,104690,1725235200
870,897,853,861,59212,1725321600
860,870,812,812,72423,1725408000
828.2,828.2,791.1,798,56542,1725494400
813.7,824.8,793,796,39278,1725753600
793.4,807,770,773,58420,1725840000
788.4,800,766.4,775,46410,1725926400
780,791,770,774.9,33593,1726012800
780,800,770.3,800,48357,1726099200
812,814.9,770,775,38926,1726358400
770,775,735,739,47704,1726444800
739.1,740,711,716,49198,1726617600
730,744.6,710.1,717,22077,1726963200
710,718,664,674,54570,1727049600
674,683,651,652,32341,1727136000
652,678,640,667.2,41328,1727222400
655,679.9,640,641.1,28895,1727308800
640,649.8,619.3,646,27398,1727568000
650,681,650,678,22733,1727654400
685,745.8,685,745.8,48246,1727740800
760.7,770,726.5,740,57813,1727827200
739,785,726,776,30246,1728172800
782,799,745.1,760,42991,1728259200
750,760,734,742,19338,1728345600
754,754,729.1,750,18495,1728432000
750,778.2,750,778,20459,1728950400
785.1,793,775,779,22385,1729036800
780,790,768.2,775.1,37798,1729123200
759.6,770,744.6,750,36319,1729382400
750,751,710,715,43991,1729468800
715,741,715,730,22440,1729555200
744.6,759,721,735,40894,1729641600
749,749,722.3,730,27707,1729728000
730,738.9,726,726,13295,1729987200
740.5,755,733,755,25748,1730073600
769.9,794.8,769.9,776,62063,1730160000
790,790,760.1,762.1,16268,1730246400
777,785,750,756,13210,1730764800
768,770,750,760,20975,1730851200
775,782,770,775,33205,1731196800
790,790,762,769,38885,1731283200
782,784.3,770,771,30102,1731369600
785,810,761,809,84962,1731456000
815,840,810,819.9,71367,1731542400
830,830,795,797,44806,1731801600
797,812,768,770,62456,1731974400
754.7,784.9,725,777,34078,1732060800
788.8,788.8,750,750,32219,1732147200
764,765,743,745,25910,1732406400
749.9,762.8,745.3,758,18154,1732492800
773,827,770,809,143726,1732579200
808.1,815,799,800,31713,1732665600
801,801,782,784,38945,1732752000
768.4,782.3,755,761,55041,1733011200
773,773,758,762,31054,1733097600
746.8,790,746.8,778,34318,1733184000
777.7,792,760,763,20817,1733270400
778,778,733.3,745,57289,1733356800
745.1,748.9,715,719.9,34647,1733616000
716,733.5,715,723.5,32971,1733702400
737,737,711,727,14484,1733788800
738,742,723.4,742,12058,1733875200
746,746,720,720,17291,1733961600
720,720,697,699.7,30775,1734307200
686.1,709.9,685,695,16449,1734393600
700,708,692,693.1,14048,1734480000
689,704,678,680,21540,1734566400
691.9,691.9,666.5,668.9,17224,1734825600
670,679.9,670,677,11052,1734912000
689,705,688,695,25126,1734998400
683,690,675,675,19611,1735171200
670.4,670.4,653.8,657,28323,1735430400
651.09,651.09,620,631,40813,1735603200
632,655,631,652.5,16860,1735689600
651,663,645,663,22356,1735776000
651,680,651,661,14740,1736035200
662,670,661.1,665,15398,1736121600
675,679.8,665.1,674,19737,1736208000
673,705,673,695,26578,1736294400
708.9,723,669.1,675.1,18413,1736380800
688.6,699,651,656.1,9000,1736640000
664,669,646.1,650,19277,1736726400
640,664,620,638,26658,1736899200
633,641,620.2,620.4,31867,1736985600
620,649,608,626,21954,1737244800
620.1,644,613,613,27828,1737331200
613,620,605,606,28765,1737417600
606,610,599,602,30579,1737504000
608.4,608.4,590.1,590.1,36276,1737590400
601.9,601.9,568,568,61245,1737849600
575,592,548,580,43421,1737936000
580,615,580,594.5,18614,1738022400
595,609,586.3,601,33041,1738454400
613,613,594.9,595,25010,1738540800
604,604,577,577,21368,1738627200
585,617.1,575,603,44965,1738713600
603,636,600,615,43975,1738800000
626.9,626.9,602,615,26106,1739059200
609.9,617,603,605,16038,1739145600
617.1,620,601.3,614,31121,1739232000
619,630,610,619.5,31373,1739318400
626,628,612.1,615,31399,1739404800
627,670,622.9,669,84922,1739664000
682.3,682.3,640,655,51468,1739750400
668.1,668.1,640,642.5,36235,1739836800
642,669,632,652,41788,1740009600
639,663,628,649,25123,1740268800
650,660,641,641,21198,1740355200
653.8,653.9,638,638.2,17587,1740441600
650,650.9,638,648,19996,1740614400
660.9,672,648,672,29448,1740873600
685.4,685.4,656,656,21832,1740960000
651,669.1,642.1,647,24184,1741046400
649.8,650,635,639.8,14159,1741132800
648.5,653.8,632,642,19879,1741219200
641.9,644.9,630,634,13462,1741478400
630,640,625.2,625.5,9447,1741564800
630,631,603,609,21822,1741651200
619,622,603.1,608,19873,1741737600
610,632,604,607.1,20645,1742083200
613,615,606,610,5841,1742169600
612,615,610,614.5,6696,1742256000
624.9,624.9,604,605,8695,1742342400
606,607,590.1,596.56,17178,1742428800
594,594,578,579.87,17586,1742688000
571.4,610,571,595.29,18804,1742774400
596,596,575,575.66,15010,1742860800
576.1,590,575,579.4,10934,1742947200
579.4,588.2,579.4,586.4,9064,1743033600
590,604,589.9,598.84,15128,1743292800
609.8,609.8,587,591.12,9297,1743465600
592,612,592,598.31,10262,1743552000
591,616.3,586,586.87,13477,1743638400
575.5,598.6,575,578.21,9852,1743984000
579,589,572.5,582.33,5964,1744070400
592.9,593,584,584.52,3004,1744156800
596,596,578.2,580.12,6003,1744243200
589.9,590,580,580,9866,1744502400
582,600,580,594.96,13552,1744675200
606,618,582,593.16,10843,1744761600
595,605,588.2,601.85,20736,1744848000
613,613,591.5,592.7,7660,1745107200
591,599,585,585.96,11965,1745193600
580,585,577,582.72,9342,1745280000
578,584,571.1,574.92,17238,1745366400
582,582,568,570.85,12020,1745452800
564,580,560,562.14,12859,1745712000
573,580,550.9,562.41,9203,1745798400
562.41,567,555.1,556.31,7731,1745884800
567,567,550,551.22,10901,1745971200
562,562,535,538.85,16918,1746316800
528.1,550.9,528.1,538.24,5831,1746403200
547.8,547.8,530.5,531.98,11361,1746489600
542,565,534,557.36,19578,1746576000
568.5,588,547.3,573.21,21939,1746662400
584,584,555.1,555.4,7049,1746921600
554.1,566,547,547.25,7839,1747094400
538.2,558,538.2,543.12,11224,1747180800
538,548,538,540.35,6800,1747267200
540.1,548,535,536.3,8379,1747526400
545,549,536,542.93,8478,1747612800
540,555,533.7,552.03,12514,1747699200
563,593,553.7,554.64,17398,1747785600
555.1,567,551.1,552.94,10049,1747872000
555,565,545,547.26,7166,1748131200
558.2,569.3,543,543.99,11693,1748217600
550,550,540,540.65,6184,1748304000
545,551,530.3,540.36,9418,1748390400
551.1,561,547,548.07,12560,1748822400
558.9,558.9,545.1,545.15,3949,1748908800
555,555,540,543.82,6164,1748995200
554,554,533,538.45,8036,1749081600
531,544.9,531,539.15,8663,1749340800
542,549,539,543.27,13075,1749427200
551.9,568,542,563.42,28557,1749513600
556.2,569.9,549,549.72,15559,1749600000
560,562,544.1,546.37,10857,1749686400
547,556,545.2,547.02,6150,1749945600
550,550,543.1,544.15,6066,1750032000
554.2,554.2,536,539.24,7578,1750118400
540,549.5,536,538.43,4939,1750204800
535,549,529,533.46,13694,1750291200
535,545,530,531.25,9716,1750550400
531.2,541.8,530.1,536.11,6636,1750636800
537,553.9,533,534.05,8743,1750723200
535.1,540,529,529.9,11670,1750809600
540,540,530.2,530.84,6362,1750896000
536,536,528,532.07,9732,1751155200
521.5,540,521.5,529.4,3680,1751241600
535.5,535.5,526.9,531.65,8603,1751328000
542.2,542.2,532,538.07,12654,1751414400
544,565,539,556.4,28254,1751500800
565,580,548.5,566.89,32060,1751760000
560,562,540,542.16,18433,1751846400
541,551.9,541,550.12,7496,1751932800
550.2,556,547,551.75,6015,1752019200
553,565,553,558.18,12866,1752105600
569.3,590,560,562.81,23941,1752364800
569.59,569.59,555,560.65,15446,1752451200
568,579.9,560,577.57,31343,1752537600
589,589,580.1,583.63,14359,1752624000
589.9,600,579.2,593.68,18271,1752710400
590,600,575,577.59,39323,1752969600
585,585,560,575.22,37549,1753056000
585,590,575.1,586.38,21742,1753142400
591,611,588,605.94,51977,1753228800
610,612,593.9,597.32,23923,1753315200
600,606,580.2,584.88,36049,1753574400
580,601,574.3,597.27,28643,1753660800
608,608,590,598.33,26785,1753747200
592,603,579,581.41,17809,1753833600
578,601,574,581.86,31867,1753920000
570.4,590,570,570.73,14561,1754179200
582,582.1,560.2,568.72,20826,1754265600
578,578,560,560.51,6118,1754352000
560,571,556,559.87,11529,1754438400
571,571,561,563.78,5854,1754524800
555.7,566.8,550,553.48,10699,1754870400
550,561,543,546.83,10350,1754956800
554.9,555,543,543.85,9194,1755043200
554,554,543,543.35,5972,1755129600
541,543.9,530,532.07,17113,1755388800
540,540,532.1,535.16,5964,1755475200
534,556.4,534,540.05,7091,1755561600
543,549.8,535,536.7,6828,1755648000
535,537,532.5,534.51,9231,1755734400
544.9,544.9,527.4,529.56,12012,1755993600
532,536.8,529.2,533.45,6416,1756080000
534,537.9,530,534.21,4267,1756166400
543.9,543.9,530.3,538.33,10275,1756252800
548.9,548.9,530.5,531.34,8114,1756339200
530,535,525.4,525.55,7721,1756598400
516,534,516,526.95,3914,1756684800
529,534.9,520,523.32,7066,1756771200
524,538,513,514.27,11244,1756857600
524.5,565,509.6,519.14,15617,1756944000
529.5,529.5,509,511.68,9758,1757203200
520,520,508,509.72,3726,1757289600
499.6,499.6,465.5,465.5,2390,1758153600
465.5,512,465.5,499.45,17352,1758412800
509.4,517,500,512,5474,1758585600
521,521,500,510,4205,1758672000
513,518.5,500,507.9,1258,1758758400
517,517,487,500,4821,1759017600
500,500,490,491,2502,1759795200
484.5,484.5,472.4,480,9945,1759881600
489.6,514.5,489,491.7,6617,1759968000
482.1,485,475,483,5366,1760227200
490,490,475.1,487.5,5877,1760313600
478.2,484.9,478.2,479.1,3511,1760400000
480,486.5,471.5,471.5,5760,1760486400
480,480,468,474,2814,1760572800
480,480,471.6,474,1783,1760832000
470,473,460.6,460.6,5631,1761436800
465,480,465,477.9,7518,1761609600
486.8,486.8,475,476.5,3864,1761696000
484,485.9,472,480,6660,1761782400
489,528,485,528,40270,1762041600
538,561,530,539.1,40811,1762128000
547,547,519,520,12871,1762214400
530.4,572,515,543,48159,1762300800
550,559,528.3,532,27395,1762387200
525.1,527,507,520,18880,1762646400
510,524,510,515,5761,1762732800
515,519.8,510,510,8179,1762819200
520,520,503,503,6733,1762905600
510,510,495.1,502,10852,1762992000
502,505,492.1,496.9,5447,1763251200
506.8,506.8,490.2,505,7108,1763337600
515,515,505,509,8584,1763424000
515,515,500,500.5,7782,1763510400
500,502,491,500,3717,1763596800
510,510,500,508.9,12867,1763856000
515,517.5,506.2,517.5,6053,1763942400
522,526,507,518,9928,1764028800
519,519,508.3,518,3580,1764115200
528.2,528.2,508,510,7417,1764201600
520,520,500,507,7691,1764460800
505,509.9,497,509,7464,1764547200
518,518,500.1,508.9,2369,1764633600
513.2,523,510,515,18019,1764720000
515,525,506.1,506.1,4651,1765065600
501.1,510,501,501,3356,1765152000
508,508,498,498.4,5239,1765238400
497,501,495,498.9,6652,1765324800
500,500,491.4,499,3521,1765411200
501,501,495.1,495.3,3659,1765670400
495,505.1,492,495,3649,1765756800
493,502.7,491.1,496.8,5712,1765843200
493,513,493,508.9,17770,1765929600
500,515,500,500.2,5784,1766016000
490.5,500,490.2,495,2387,1766275200
490.1,494,486.1,487.1,7081,1766361600
496,496,485,485.6,3964,1766448000
495,495,483,486,4238,1766534400
490,500,490,494,8295,1766880000
501,516,499,500,10853,1766966400
509,519,490.5,505,9499,1767139200
505.1,514,495.1,500,4336,1767225600
503,508.5,490,505,5481,1767484800
505,510,500,507,18594,1767571200
515,526,510,523,21225,1767657600
532,532,512,512,16242,1767744000
520,520,506,511.9,10937,1767830400
519,521.5,508,509.5,12932,1768176000
505.5,519.6,505,507,5865,1768262400
513,521,506,511,21964,1768348800
521.2,562.1,521.2,562.1,94746,1768694400
573.3,618.3,573.3,618.3,186583,1768867200
630,636,591.5,619.9,108340,1768953600
607.6,644,578,606,138626,1769040000
593.9,610,590,598,96180,1769299200
598,602.8,575,591,80983,1769385600
580,600,569,569.2,52505,1769472000
570,586,563,577,62941,1769558400
588,593,565,570,46361,1769644800
570,602,561.5,581.4,55864,1769904000
590,591.7,578,582,28839,1769990400
589.4,589.5,567.5,567.5,23751,1770076800
578,580,567.4,567.4,23976,1770163200
578.7,580,568.2,579,37178,1770249600
587,594,576,577,38535,1770508800
570.1,595,565.3,566,30138,1770595200
577.3,577.3,556,560,16763,1770681600
551,580,550,553,17527,1770768000
551.3,564,549,552.2,37578,1770854400
560,580,553,556.1,28465,1771200000
562,562,545,548,23895,1771286400
540,541.3,530,531,17403,1771718400
530,554.9,528.5,536.1,6175,1771804800
536.1,546,534.1,540,12449,1771891200
549,549,538,543.9,5333,1771977600
534,549.8,534,544,8633,1772064000
535,564,527,554,21241,1772323200
556,569,552,569,21678,1772496000
580.3,603.7,580.3,603.5,2429,1773014400
603.5,614,575.2,590,70916,1773100800
595,595,571,575,34378,1773187200
586.5,586.5,570,580,28221,1773273600
588.9,588.9,575,582,27717,1773532800
586,586,567.6,573,15388,1773619200
573,573,564.2,570,13396,1773705600
579.7,596.5,579.7,592,40355,1773878400
602,610,595,605,58335,1774137600
605,613,593,600,32737,1774224000
601,607,595,601,20583,1774310400
601,601,591.1,591.1,19997,1774396800
591,594.4,585.6,593,12011,1774483200
600,600,571,572.2,25119,1774742400
572.5,579,560,562.9,18672,1774828800
562,570.9,545,567,25038,1774915200
557,557,545.1,545.1,9439,1775001600
545.1,555,530,544.3,19052,1775088000
540,540,516.2,520,24415,1775347200
523,539,523,529,30132,1775433600
538.5,546.5,528.3,530,11440,1775520000
530,544,530,543.8,15456,1775606400
541,558.7,541,550.3,19145,1775692800
557,557,535,544,12206,1775779200
544,549,535,535,9180,1776038400
544,550,538,544,6766,1776211200
545,549,525.4,530,14541,1776297600
526.6,540,526.6,536.9,7513,1776384000
530,540,530,534,4316,1776643200
536,536,525.1,527,4430,1776729600
538,538,520.1,522,10504,1776816000
525,534,507,522,5747,1776902400
522,523.5,515,516.5,6347,1776988800
516.5,524.6,516,517,4496,1777248000
517,528,511.1,511.5,11416,1777334400
511.5,519.9,509,513.7,6338,1777420800
513,518.2,513,518.2,10337,1777507200
518,520.1,510,511,9908,1777852800
506.5,520,506,515.6,7207,1777939200
511,525.2,511,519,3962,1778025600
528,528,515.1,517.9,7152,1778112000
520,528,517.5,527,8510,1778198400
